{
  "hash": "066ceea9",
  "configHash": "89a1de5a",
  "lockfileHash": "c2703ee5",
  "browserHash": "dfca5ba7",
  "optimized": {
    "@angular/common": {
      "src": "../../../../../../node_modules/@angular/common/fesm2022/common.mjs",
      "file": "@angular_common.js",
      "fileHash": "d6878e9f",
      "needsInterop": false
    },
    "@angular/common/http": {
      "src": "../../../../../../node_modules/@angular/common/fesm2022/http.mjs",
      "file": "@angular_common_http.js",
      "fileHash": "d46c7efb",
      "needsInterop": false
    },
    "@angular/core": {
      "src": "../../../../../../node_modules/@angular/core/fesm2022/core.mjs",
      "file": "@angular_core.js",
      "fileHash": "6b0c8bb4",
      "needsInterop": false
    },
    "@angular/forms": {
      "src": "../../../../../../node_modules/@angular/forms/fesm2022/forms.mjs",
      "file": "@angular_forms.js",
      "fileHash": "4be43fb7",
      "needsInterop": false
    },
    "@angular/platform-browser": {
      "src": "../../../../../../node_modules/@angular/platform-browser/fesm2022/platform-browser.mjs",
      "file": "@angular_platform-browser.js",
      "fileHash": "2cb4f138",
      "needsInterop": false
    },
    "@angular/router": {
      "src": "../../../../../../node_modules/@angular/router/fesm2022/router.mjs",
      "file": "@angular_router.js",
      "fileHash": "ff6d46bd",
      "needsInterop": false
    }
  },
  "chunks": {
    "chunk-GJ2LE3B3": {
      "file": "chunk-GJ2LE3B3.js"
    },
    "chunk-RR3Y4RYM": {
      "file": "chunk-RR3Y4RYM.js"
    },
    "chunk-GOBFATMH": {
      "file": "chunk-GOBFATMH.js"
    },
    "chunk-TFLZSHJW": {
      "file": "chunk-TFLZSHJW.js"
    }
  }
}